{"cameraMode":{"drawMode":0,"name":"Shaded","section":"Shading Mode"},"sceneLighting":true,"audioPlay":false,"sceneViewState":{"showFog":true,"showMaterialUpdate":false,"showSkybox":true,"showFlares":true,"showImageEffects":true,"showParticleSystems":true},"in2DMode":false,"pivot":{"x":-11.19970703125,"y":262.71466064453127,"z":-210.054443359375},"rotation":{"x":0.20549120008945466,"y":-0.21809269487857819,"z":0.04703184589743614,"w":0.9528887271881104},"size":1719.4873046875,"orthographic":false}