{"cameraMode":{"drawMode":0,"name":"Shaded","section":"Shading Mode"},"sceneLighting":true,"audioPlay":false,"sceneViewState":{"showFog":true,"showMaterialUpdate":false,"showSkybox":true,"showFlares":true,"showImageEffects":true,"showParticleSystems":true},"in2DMode":false,"pivot":{"x":19.843303680419923,"y":11.275447845458985,"z":20.376811981201173},"rotation":{"x":0.15434901416301728,"y":-0.30289945006370547,"z":0.04978332296013832,"w":0.9391219019889832},"size":77.52315521240235,"orthographic":false}