{"cameraMode":{"drawMode":0,"name":"Shaded","section":"Shading Mode"},"sceneLighting":true,"audioPlay":false,"sceneViewState":{"showFog":true,"showMaterialUpdate":false,"showSkybox":true,"showFlares":true,"showImageEffects":true,"showParticleSystems":true},"in2DMode":false,"pivot":{"x":-0.6938120126724243,"y":0.4790043830871582,"z":0.4177227020263672},"rotation":{"x":0.270807683467865,"y":-0.1636158674955368,"z":0.04676484316587448,"w":0.9474735856056213},"size":9.004789352416993,"orthographic":false}