{"cameraMode":{"drawMode":0,"name":"Shaded","section":"Shading Mode"},"sceneLighting":true,"audioPlay":false,"sceneViewState":{"showFog":true,"showMaterialUpdate":false,"showSkybox":true,"showFlares":true,"showImageEffects":true,"showParticleSystems":true},"in2DMode":false,"pivot":{"x":-1.8346227407455445,"y":0.5035419464111328,"z":-1.0566058158874512},"rotation":{"x":0.3060215711593628,"y":-0.25564464926719668,"z":0.0856831818819046,"w":0.9130471348762512},"size":7.276308536529541,"orthographic":false}