{"cameraMode":{"drawMode":0,"name":"Shaded","section":"Shading Mode"},"sceneLighting":false,"audioPlay":false,"sceneViewState":{"showFog":true,"showMaterialUpdate":false,"showSkybox":true,"showFlares":true,"showImageEffects":true,"showParticleSystems":true},"in2DMode":false,"pivot":{"x":-4.0353922843933109,"y":11.932119369506836,"z":27.816612243652345},"rotation":{"x":0.13991095125675202,"y":-0.01930680125951767,"z":0.0027290976140648128,"w":0.9899721145629883},"size":90.71360778808594,"orthographic":false}